,0,1
Trump 1, the only diff is Clintons been raking in the # ALEC political bribes longer than Trump @ danielbonaire @ TeenForBernie,2016-06-12 07:45:40
Trump 2, the same corporateers are supporting BOTH Clinton & Trump with $DirtyALEC Please wake up @ danielbonaire @ TeenForBernie,2016-06-12 07:44:02
Trump 3, Truth... @Trump National Golf Club https://www.instagram.com/p/BGiG95ExgY0/,2016-06-12 07:39:42
Trump 4, Truth... @Trump National Golf Club https://www.instagram.com/p/BGiGzLYxgYW/,2016-06-12 07:38:14
Trump 5, the Establishment media been trumpeting Trump & Trump vs Clinton 24/7 Get it now? @ danielbonaire @ TeenForBernie,2016-06-12 07:35:51
Trump 6," # Trump in 2016 Temp:Crab Orchard, Ky."":86.0°F Wind:0.9mph Pressure: 30.06hpa Falling Rain Today 0.00in. Forecast: Showery, becoming less s",2016-06-12 07:30:02
Trump 7, # RNC & # DNC are working together to get Clinton elected The 1% is fully invested in passage of # TPP Trump is a scarecrow,2016-06-12 07:25:02
Trump 8," # Trump in 2016 Temp:Crab Orchard, Ky."":86.2°F Wind:1.1mph Pressure: 30.06hpa Falling Rain Today 0.00in. Forecast: Showery, becoming less s",2016-06-12 07:25:02
Trump 9," # Trump in 2016 Temp:Crab Orchard, Ky."":86.4°F Wind:2.2mph Pressure: 30.06hpa Falling Rain Today 0.00in. Forecast: Showery, becoming less s",2016-06-12 07:20:02
Trump 10," RT @ thehill: John Brooks surged ahead of Clinton, Trump in shocking new poll.",2016-06-12 07:18:02
Trump 11," # Trump in 2016 Temp:Crab Orchard, Ky."":86.4°F Wind:2.0mph Pressure: 30.06hpa Falling Rain Today 0.00in. Forecast: Showery, becoming less s",2016-06-12 07:15:02
Trump 12, Bunch of shaaaahks up in heaaaah @Trump Place - 180 Riverside Blvd Apartments https://www.instagram.com/p/BGiD-ZIgiCw/,2016-06-12 07:13:32
Trump 13," Kelso: If Trump University needs a mascot, go with the Fightin’ Bigots http://atxne.ws/1UKdp88",2016-06-12 07:12:07
Trump 14," # Trump in 2016 Temp:Crab Orchard, Ky."":86.5°F Wind:1.3mph Pressure: 30.06hpa Falling Rain Today 0.00in. Forecast: Showery, becoming less s",2016-06-12 07:10:02
Trump 15, No Matter Who Wins In # USElections2016 they will not fix your life... that'll still be your responsibility. # Trump pic.twitter.com/KQDMX7rbFy,2016-06-12 07:05:06
Trump 16," # Trump in 2016 Temp:Crab Orchard, Ky."":86.7°F Wind:2.9mph Pressure: 30.09hpa Falling slowly Rain Today 0.00in. Forecast: Showery, becoming",2016-06-12 07:05:02
Trump 17," # Trump in 2016 Temp:Crab Orchard, Ky."":86.7°F Wind:1.1mph Pressure: 30.09hpa Falling slowly Rain Today 0.00in. Forecast: Showery, becoming",2016-06-12 07:00:02
Trump 18," # Trump in 2016 Temp:Crab Orchard, Ky."":86.9°F Wind:1.1mph Pressure: 30.09hpa Falling slowly Rain Today 0.00in. Forecast: Showery, becoming",2016-06-12 06:55:02
Trump 19, Pres Reagan loved this country & in order to save our country he would of stood behind Trump.,2016-06-12 06:49:41
Trump 20, @ MaryTho57 Will NASA be revitalized in 2017?? Hope so.,2016-06-12 06:47:37
Trump 21," I'm at Trump Tower in New York, NY https://www.swarmapp.com/c/fxXiQJoe18q",2016-06-12 06:32:59
Trump 22, Protests Planned For Donald Trump During Dallas Visit http://bubly.us/Jtua,2016-06-12 06:30:36
Trump 23, Prayer trumps panic every time... Rachel Wojo # quotes # rachelwojo # prayer # panic # snowyegret… https://www.instagram.com/p/BGh-z1JnkgF/,2016-06-12 06:28:24
Trump 24," # Trump in 2016 Temp:Crab Orchard, Ky."":88.0°F Wind:2.5mph Pressure: 30.12hpa Rising slowly Rain Today 0.00in. Forecast: Settled fine",2016-06-12 06:20:02
Trump 25," # Trump in 2016 Temp:Crab Orchard, Ky."":88.3°F Wind:2.7mph Pressure: 30.12hpa Rising slowly Rain Today 0.00in. Forecast: Settled fine",2016-06-12 06:15:02
Trump 26, Great time at the @ realdonaldtrump rally today! It's time to unify and # makeamericagreatagain @… https://www.instagram.com/p/BGh9Bw9ymeh/,2016-06-12 06:12:51
Trump 27," # Trump in 2016 Temp:Crab Orchard, Ky."":88.5°F Wind:3.8mph Pressure: 30.12hpa Rising slowly Rain Today 0.00in. Forecast: Settled fine",2016-06-12 06:10:02
Trump 28, Zoe & The Trump Kid She Don't Judge ... :) @Tampa Convention Center https://www.instagram.com/p/BGh8lzEtyBl/,2016-06-12 06:09:02
Trump 29, # WhackPack does AC @Trump Taj Mahal https://www.instagram.com/p/BGh8Z5sgODPb_VsAYwZyqCC4_jtxyhRHTZWiAs0/ …,2016-06-12 06:07:23
Trump 30," Romney's false bravado...pretending to be shocked by such racism & bigotry by Trump, yet knowing it was always there, just disguised # GOP",2016-06-12 06:04:52
Trump 31," bolling,ask trump about the central park5.I bet you won't my point, is don't throw rocks living in a glass house.",2016-06-12 05:50:30
Trump 32," Turn Texas blue, beat Trump: Goals from Texas Democrats this week http://www.star-telegram.com/news/politics-government/article83170117.html …",2016-06-12 05:47:07
Trump 33, Drinking a Trump Hands IPA by @ CannonballCreek @Cannonball Creek Brewing Company — http://untp.beer/s/c322526370 # photo,2016-06-12 05:42:16
Trump 34, @ realrockstarjb and myself fucked it up last night lol FUCK DONALD TRUMP # KieroLovesYou come… https://www.instagram.com/p/BGh5cu0xeCu/,2016-06-12 05:41:38
Trump 35," Seared Sounder, Trump, Mt. Rainier all salmon and light rice trapperssushi # puyallup… https://www.instagram.com/p/BGh4u_vNKEa/",2016-06-12 05:35:19
Trump 36," # Trump in 2016 Temp:Crab Orchard, Ky."":90.3°F Wind:2.9mph Pressure: 30.12hpa Steady Rain Today 0.00in. Forecast: Fine weather",2016-06-12 05:35:02
Trump 37," @ HuffingtonPost @ iamandymcdonald That's silly! Everyone knows that once Trump gets in the white house,HE'LL NEVER LEAVE!",2016-06-12 05:31:03
Trump 38," Really, Merica needs to realize that.",2016-06-12 05:30:15
Trump 39," # Trump in 2016 Temp:Crab Orchard, Ky."":91.0°F Wind:3.8mph Pressure: 30.12hpa Steady Rain Today 0.00in. Forecast: Fine weather",2016-06-12 05:30:02
Trump 40," The only Trump my family acknowledges @Pawtucket, Rhode Island https://www.instagram.com/p/BGh4CKWCCFp/",2016-06-12 05:29:12
Trump 41, @ realDonaldTrump bills victims 16 victims are they all wrong and lieing Hillary Rodham Clinton pic.twitter.com/BaZeJWsBe9,2016-06-12 05:28:09
Trump 42, Holy Shit! We have a Trump Dumpster! Heil! pic.twitter.com/XsL3tSpr68,2016-06-12 05:27:51
Trump 43," As a Naturalized citizen, I Find your support of Lyin'Donnie to be scary.",2016-06-12 05:26:56
Trump 44," # Trump in 2016 Temp:Crab Orchard, Ky."":91.2°F Wind:0.0mph Pressure: 30.12hpa Steady Rain Today 0.00in. Forecast: Fine weather",2016-06-12 05:25:02
Trump 45," # Trump in 2016 Temp:Crab Orchard, Ky."":91.6°F Wind:2.9mph Pressure: 30.12hpa Steady Rain Today 0.00in. Forecast: Fine weather",2016-06-12 05:20:02
Trump 46, HE'S A CHOKER!!!,2016-06-12 05:16:42
Trump 47," # Trump in 2016 Temp:Crab Orchard, Ky."":92.7°F Wind:2.5mph Pressure: 30.12hpa Steady Rain Today 0.00in. Forecast: Fine weather",2016-06-12 05:15:02
Trump 48," Clinton appeals to women: “Do we want to put our health, our lives, our futures in Donald Trump's hands?” http://lat.ms/1topL0i",2016-06-12 05:14:09
Trump 49," # Trump in 2016 Temp:Crab Orchard, Ky."":93.6°F Wind:2.9mph Pressure: 30.12hpa Steady Rain Today 0.00in. Forecast: Fine weather",2016-06-12 05:10:02
Trump 50," @ instapundit Romney has principle and class, something Trump can't touch.",2016-06-12 05:09:10
