"I send blessings to all of the republican party,DonaldJ.Trump and all American supporters.I ptay your blessed in your coming and going."" DJT",9/30/2016 7:51
,
"Trump: 3 wives, multiple mistresses Gingrich: 3wives, multiple mistresses Guliani: 3wives, multiple mistresses https://twitter.com/dperry913/status/781639020006694912 …",9/30/2016 7:50
,
Trump jokes about kicking non-Christians out of an Iowa rally http://feeds.mashable.com/~r/Mashable/~3/zz_PaBNwx4w/ …,9/30/2016 7:50
,
Hello Mr. Trump! Good luck for the upcoming election! # auntyhillaryforpresident # chicago # usa… https://www.instagram.com/p/BK9XiVOA7hZ/,9/30/2016 7:49
,
Los Mexicanos son más RACISTAS q Donald Trump ?,9/30/2016 7:46
,
"I see a number and that number of Americans is for ""Donald J.Trump! These Americans are creative and want a change. Get on the Trump Train!",9/30/2016 7:43
,
"Trump vaut 3,7 milliards $, selon «Forbes» http://www.journaldemontreal.com/2016/09/29/trump-vaut-37-milliards--selon-forbes …",9/30/2016 7:40
,
I seen America and all its beauty as a child! I seen when I could by a coca-cola for 10 cents and a gallon of gas for 19 cents. Vote Trump!,9/30/2016 7:40
,
does any shill of Trump have any relationship with the truth,9/30/2016 7:39
,
@ realDonaldTrump @ HillaryClinton @ davidmuir Every woman is beautiful no matter what size she is. Trump doesn't know what real beauty is.,9/30/2016 7:28
